#SOLVER	GUROBI
#METHOD	
#TOLERANCE	1e-08
#GROWTH	2.75298377968802	reacF6748CE0
#GROWTH_SUB	2.75298377968813	reacF6748CE0
mnxr01c19	A
mnxr01c2	A
mnxr01c3	A
mnxr02c2b	A
mnxr03c2c19	A
mnxr100018c19c3	a
mnxr100019c2b	a
mnxr100019c2c19	a
mnxr100024c3	A
mnxr100030c19	a
mnxr100030c3	A
mnxr100060c3	A
mnxr100074c3	A
mnxr100086c3	A
mnxr100098c3	A
mnxr100099c3	A
mnxr100113c3	A
mnxr100114c3	A
mnxr100136c19	A
mnxr100177c19c3	A
mnxr100209c3c19	A
mnxr100210c2b	A
mnxr100210c2c19	A
mnxr100219c3	a
mnxr100236c3c19	A
mnxr100238c3c19	A
mnxr100258c3c19	a
mnxr100259c2b	a
mnxr100259c2c19	a
mnxr100276c3c19	A
mnxr100277c3	A
mnxr100285c3c19	A
mnxr100288c3	A
mnxr100291c3	A
mnxr100299c3c19	A
mnxr100300c3c19	A
mnxr100303c3	A
mnxr100308c2b	A
mnxr100308c2c19	A
mnxr100311c2b	A
mnxr100311c2c19	A
mnxr100311c3c19	A
mnxr100314c3c19	A
mnxr100315c3c19	A
mnxr100317c2b	a
mnxr100317c2c19	a
mnxr100318c3c19	a
mnxr100319c2b	a
mnxr100319c2c19	a
mnxr100320c3c19	A
mnxr100321c3c19	A
mnxr100325c3	A
mnxr100326c3	A
mnxr100328c3	A
mnxr100329c3	A
mnxr100331c3	A
mnxr100332c3	A
mnxr100334c3c19	A
mnxr100336c3	A
mnxr100339c3	A
mnxr100340c3	A
mnxr100341c3	A
mnxr100343c2b	A
mnxr100343c2c19	A
mnxr100343c3c19	A
mnxr100348c3	A
mnxr100351c3c19	A
mnxr100353c3	A
mnxr100354c3	A
mnxr100355c3	A
mnxr100368c3c19	A
mnxr100371c2b	A
mnxr100371c2c19	A
mnxr100371c3c19	A
mnxr100389c3	A
mnxr100390c3	A
mnxr100410c19	a
mnxr100410c3	a
mnxr100413c19	A
mnxr100413c3	A
mnxr100443c2b	b
mnxr100443c2c19	b
mnxr100446c3	A
mnxr100447c3c19	A
mnxr100448c3c19	A
mnxr100449c2b	A
mnxr100449c2c19	A
mnxr100450c3	A
mnxr100482c3	A
mnxr100493c3	A
mnxr100494c2b	A
mnxr100494c2c19	A
mnxr100494c3c19	A
mnxr100495c2b	a
mnxr100495c2c19	a
mnxr100495c3c19	a
mnxr100555c3	a
mnxr100566c3	A
mnxr100570c3c19	a
mnxr100571c2b	a
mnxr100571c2c19	a
mnxr100587c3	A
mnxr100602c3	A
mnxr100606c3	A
mnxr100611c3	B
mnxr100622c3c19	A
mnxr100623c19c3	b
mnxr100624c3c19	b
mnxr100625c2b	B
mnxr100625c2c19	B
mnxr100642c3	A
mnxr100644c3c19	A
mnxr100649c2b	A
mnxr100649c2c19	A
mnxr100657c3c19	A
mnxr100658c3	A
mnxr100676c3c19	A
mnxr100678c2b	A
mnxr100678c2c19	A
mnxr100679c3	a
mnxr100682c3	A
mnxr100692c3	A
mnxr100696c3c19	a
mnxr100697c2b	a
mnxr100697c2c19	a
mnxr100734c3	A
mnxr100737c3	A
mnxr100750c2b	A
mnxr100750c2c19	A
mnxr100753c3c19	a
mnxr100754c3c19	a
mnxr100755c3c19	a
mnxr100763c3	A
mnxr100766c3	A
mnxr100767c3	A
mnxr100768c3	A
mnxr100769c3	A
mnxr100770c3	A
mnxr100771c3	A
mnxr100784c3	A
mnxr100790c3	A
mnxr100796c3	A
mnxr100801c3	A
mnxr100802c3	A
mnxr100803c3c19	A
mnxr100804c2b	A
mnxr100804c2c19	A
mnxr100813c3	A
mnxr100821c3c19	A
mnxr100822c3c19	A
mnxr100824c2b	A
mnxr100824c2c19	A
mnxr100825c3c19	A
mnxr100826c3	A
mnxr100827c3	A
mnxr100874c3	A
mnxr100878c3	A
mnxr100880c3c19	a
mnxr100881c2b	a
mnxr100881c2c19	a
mnxr100935c3	a
mnxr100939c3c19	A
mnxr100950c2b	A
mnxr100950c2c19	A
mnxr100951c3c19	A
mnxr100999c2b	A
mnxr100999c2c19	A
mnxr101003c2b	a
mnxr101003c2c19	a
mnxr101004c3c19	a
mnxr101005c2b	a
mnxr101005c2c19	a
mnxr101006c3c19	a
mnxr101008c3	A
mnxr101011c3	A
mnxr101018c3	A
mnxr101036c3	A
mnxr101037c3	A
mnxr101039c3	A
mnxr101078c2	a
mnxr101080c3	b
mnxr101082c3c19	A
mnxr101089c3	b
mnxr101090c3	b
mnxr101091c3c19	b
mnxr101141c19	A
mnxr101142c19	A
mnxr101143c19	A
mnxr101145c19	A
mnxr101146c19	A
mnxr101147c19	A
mnxr101148c19	A
mnxr101149c19	A
mnxr101150c19	A
mnxr101151c19	A
mnxr101152c19	A
mnxr101154c19	A
mnxr101155c19	A
mnxr101156c19	A
mnxr101157c19	A
mnxr101158c19	A
mnxr101159c19	A
mnxr101160c19	A
mnxr101161c19	A
mnxr101162c3	A
mnxr101163c3	A
mnxr101164c3	A
mnxr101165c3	A
mnxr101166c3	A
mnxr101167c3	A
mnxr101168c3	A
mnxr101169c3	b
mnxr101170c3	b
mnxr101171c3	b
mnxr101172c3	b
mnxr101173c3	b
mnxr101174c3	b
mnxr101175c3	b
mnxr101176c3	b
mnxr101177c3	b
mnxr101178c3	b
mnxr101179c3	b
mnxr101180c3	b
mnxr101181c3	b
mnxr101182c3	b
mnxr101183c3	A
mnxr101184c3	A
mnxr101185c3	A
mnxr101187c3	A
mnxr101189c3	A
mnxr101190c3	A
mnxr101191c3	A
mnxr101192c3	A
mnxr101193c3	A
mnxr101194c3	A
mnxr101195c3	A
mnxr101196c3	A
mnxr101242c3	A
mnxr101254c3	B
mnxr101265c3c19	A
mnxr101266c3c19	A
mnxr101267c3c19	A
mnxr101271c3c19	a
mnxr101272c2b	a
mnxr101272c2c19	a
mnxr101273c3	A
mnxr101275c3	A
mnxr101277c3c19	A
mnxr101339c3	a
mnxr101340c3c19	a
mnxr101341c2b	a
mnxr101341c2c19	a
mnxr101367c2b	A
mnxr101367c2c19	A
mnxr101370c3c19	A
mnxr101371c3c19	A
mnxr101373c3c19	A
mnxr101439c3	A
mnxr101440c3	A
mnxr101441c3	A
mnxr101443c3	A
mnxr101446c3	A
mnxr101450c3	A
mnxr101464c2b	A
mnxr101464c2c19	A
mnxr101464c3c19	A
mnxr101472c3c19	B
mnxr101473c2b	B
mnxr101473c2c19	B
mnxr101489c3c19	A
mnxr101491c3c19	A
mnxr101493c2b	A
mnxr101493c2c19	A
mnxr101505c3c19	A
mnxr101507c2b	A
mnxr101507c2c19	A
mnxr101507c3c19	A
mnxr101508c3c19	A
mnxr101551c3	A
mnxr101582c2b	B
mnxr101582c2c19	A
mnxr101669c3c19	A
mnxr101670c2b	A
mnxr101670c2c19	A
mnxr101670c3c19	A
mnxr101681c3c19	A
mnxr101682c3	b
mnxr101689c3c19	A
mnxr101690c2b	A
mnxr101690c2c19	A
mnxr101715c3	A
mnxr101730c3	b
mnxr101736c3	b
mnxr101737c3	A
mnxr101741c3c19	a
mnxr101742c2b	a
mnxr101742c2c19	a
mnxr101756c3	A
mnxr101798c3	A
mnxr101803c3c19	A
mnxr101804c2b	B
mnxr101804c2c19	B
mnxr101808c2b	a
mnxr101808c2c19	a
mnxr101808c3c19	a
mnxr101863c3	A
mnxr101864c3c19	A
mnxr101865c3c19	A
mnxr101866c3c19	A
mnxr101872c3	A
mnxr101876c3	A
mnxr101879c3	A
mnxr101882c3	A
mnxr101891c3	A
mnxr101892c3	A
mnxr101893c3	A
mnxr101898c3	A
mnxr101912c2b	a
mnxr101912c2c19	a
mnxr101914c3c19	A
mnxr101915c3c19	A
mnxr101937c3	A
mnxr101938c3	A
mnxr101939c3	A
mnxr101940c3	A
mnxr101950c2b	A
mnxr101950c2c19	A
mnxr101950c3c19	A
mnxr101955c3c19	A
mnxr101956c3c19	A
mnxr101958c2b	A
mnxr101958c2c19	A
mnxr101958c3c19	A
mnxr101959c3c19	A
mnxr101969c3	A
mnxr101972c2b	a
mnxr101972c2c19	a
mnxr101972c3c19	a
mnxr101977c3	A
mnxr101979c3	B
mnxr101984c3c19	a
mnxr101987c19c3	a
mnxr101989c19c3	a
mnxr101992c2b	a
mnxr101992c2c19	a
mnxr101995c3c19	a
mnxr102008c2b	B
mnxr102008c2c19	A
mnxr102028c19	a
mnxr102028c3	A
mnxr102031c19	a
mnxr102031c3	A
mnxr102033c19	a
mnxr102033c3	A
mnxr102035c19	a
mnxr102035c3	A
mnxr102036c19	a
mnxr102036c3	A
mnxr102057c3	A
mnxr102064c19c3	a
mnxr102065c19c3	a
mnxr102090c2b	A
mnxr102090c2c19	A
mnxr102090c3c19	A
mnxr102097c3	A
mnxr102137c3	A
mnxr102155c3	b
mnxr102160c3	A
mnxr102161c3	A
mnxr102169c3	A
mnxr102180c3	A
mnxr102201c3	A
mnxr102204c3	A
mnxr102207c3	A
mnxr102208c3	A
mnxr102209c3	A
mnxr102222c3c19	A
mnxr102223c2b	A
mnxr102223c2c19	A
mnxr102229c3c19	a
mnxr102230c2b	a
mnxr102230c2c19	a
mnxr102236c3	A
mnxr102239c3	B
mnxr102241c3	a
mnxr102301c3	A
mnxr102302c3	A
mnxr102304c3c19	A
mnxr102306c3c19	A
mnxr102308c3c19	A
mnxr102310c3c19	A
mnxr102312c2b	a
mnxr102312c2c19	a
mnxr102313c3c19	a
mnxr102345c3	A
mnxr102347c19	A
mnxr102347c3	A
mnxr102348c19	A
mnxr102348c3	A
mnxr102349c19	A
mnxr102349c3	A
mnxr102350c19	A
mnxr102350c3	A
mnxr102353c19	A
mnxr102353c3	A
mnxr102354c19	A
mnxr102354c3	A
mnxr102356c19	A
mnxr102356c3	A
mnxr102437c3	A
mnxr102438c3	A
mnxr102439c3	A
mnxr102440c3	A
mnxr102441c3c19	A
mnxr102442c3c19	A
mnxr102443c3c19	A
mnxr102444c3c19	A
mnxr102445c3c19	A
mnxr102459c3c19	A
mnxr102461c19	a
mnxr102462c2b	a
mnxr102462c2c19	a
mnxr102495c3	A
mnxr102499c19	A
mnxr102500c19	A
mnxr102516c19c3	A
mnxr102517c3c19	A
mnxr102518c3c19	A
mnxr102524c3c19	A
mnxr102527c3	A
mnxr102543c3	B
mnxr102547c3	A
mnxr102550c3c19	A
mnxr102551c3c19	A
mnxr102552c3c19	A
mnxr102558c3c19	A
mnxr102560c19	A
mnxr102560c3	A
mnxr102561c19	A
mnxr102561c3	A
mnxr102562c19	A
mnxr102562c3	A
mnxr102567c19	A
mnxr102567c3	A
mnxr102590c3	A
mnxr102591c3	A
mnxr102596c3	A
mnxr102624c3c19	A
mnxr102625c2b	A
mnxr102625c2c19	A
mnxr102637c2b	A
mnxr102637c2c19	A
mnxr102637c3c19	A
mnxr102870c3c19	A
mnxr102872c3c19	A
mnxr102967c19	A
mnxr102968c19	A
mnxr102969c19	A
mnxr102971c19	A
mnxr102973c19	A
mnxr102974c19	A
mnxr102975c19	A
mnxr102976c19	A
mnxr102977c19	A
mnxr102978c19	A
mnxr102980c19	A
mnxr102981c19	A
mnxr102982c19	A
mnxr102983c19	A
mnxr102984c19	A
mnxr102985c19	A
mnxr102986c19	A
mnxr102987c19	A
mnxr102989c19	A
mnxr102990c19	A
mnxr102991c19	A
mnxr102993c19	A
mnxr102995c19	A
mnxr102996c19	A
mnxr102997c19	A
mnxr102998c19	A
mnxr102999c19	A
mnxr103000c19	A
mnxr103002c19	A
mnxr103003c19	A
mnxr103004c19	A
mnxr103005c19	A
mnxr103006c19	A
mnxr103007c19	A
mnxr103008c19	A
mnxr103009c19	A
mnxr103045c3	A
mnxr103050c3	A
mnxr103051c2b	a
mnxr103051c2c19	a
mnxr103054c3c19	a
mnxr103056c3	A
mnxr103064c3	A
mnxr103067c3	A
mnxr103069c3	A
mnxr103071c2b	a
mnxr103071c2c19	a
mnxr103071c3c19	a
mnxr103093c3c19	a
mnxr103094c2b	a
mnxr103094c2c19	a
mnxr103095c3	A
mnxr103096c3	A
mnxr103098c3	A
mnxr103099c3	A
mnxr103108c3	A
mnxr103113c3	A
mnxr103114c3	A
mnxr103135c3c19	a
mnxr103136c2b	a
mnxr103136c2c19	a
mnxr103140c3	A
mnxr103149c19	a
mnxr103151c2b	a
mnxr103151c2c19	a
mnxr103156c3	A
mnxr103169c3	A
mnxr103197c3c19	A
mnxr103210c3c19	A
mnxr103226c3	A
mnxr103227c3c19	a
mnxr103228c2b	a
mnxr103228c2c19	a
mnxr103229c3	A
mnxr103230c3	A
mnxr103231c3	A
mnxr103233c3	A
mnxr103235c3	A
mnxr103266c3	A
mnxr103267c3	A
mnxr103268c3	A
mnxr103270c3	A
mnxr103272c3	A
mnxr103332c19	a
mnxr103336c3c19	A
mnxr103337c3	A
mnxr103338c3c19	A
mnxr103339c2b	A
mnxr103339c2c19	A
mnxr103340c3c19	A
mnxr103355c3	A
mnxr103357c3	A
mnxr103358c2b	a
mnxr103358c2c19	a
mnxr103358c3c19	a
mnxr103361c3	A
mnxr103362c3	A
mnxr103364c2b	a
mnxr103364c2c19	a
mnxr103364c3c19	a
mnxr103368c3	A
mnxr103370c2b	a
mnxr103370c2c19	a
mnxr103370c3c19	a
mnxr103371c3	A
mnxr103383c3	A
mnxr103384c2b	A
mnxr103384c2c19	A
mnxr103385c3c19	A
mnxr103400c3	A
mnxr103402c3	A
mnxr103434c3	a
mnxr103993c3	a
mnxr104014c2b	B
mnxr104014c2c19	A
mnxr104025c3	A
mnxr104036c2b	a
mnxr104036c2c19	a
mnxr104072c3	A
mnxr104075c3	A
mnxr104078c3	A
mnxr104081c3	A
mnxr104083c3	A
mnxr104116c3	B
mnxr104149c3	A
mnxr104150c3	A
mnxr104151c3	A
mnxr104152c3	A
mnxr104171c3	A
mnxr104172c3	A
mnxr104239c3	A
mnxr104272c3	B
mnxr104288c2b	a
mnxr104288c2c19	a
mnxr104298c3	A
mnxr104300c3	A
mnxr104301c3	A
mnxr104319c3	B
mnxr104320c3	B
mnxr104323c3	b
mnxr104325c2b	b
mnxr104325c2c19	b
mnxr104327c2b	b
mnxr104327c2c19	b
mnxr104338c3	A
mnxr104346c3c19	A
mnxr104352c3c19	A
mnxr104354c2b	A
mnxr104354c2c19	A
mnxr104354c3c19	A
mnxr104357c3	a
mnxr104362c3	A
mnxr104368c3	A
mnxr104378c3	A
mnxr104379c3	A
mnxr104380c3	A
mnxr104393c3c19	a
mnxr104394c2b	a
mnxr104394c2c19	a
mnxr104456c2b	B
mnxr104456c2c19	B
mnxr104456c3c19	B
mnxr104460c2b	a
mnxr104460c2c19	a
mnxr104466c3c19	A
mnxr104469c2b	A
mnxr104469c2c19	A
mnxr104477c3	A
mnxr104494c3c19	A
mnxr104495c2b	A
mnxr104495c2c19	A
mnxr104497c3c19	A
mnxr104540c3	A
mnxr104541c3	A
mnxr104611c3c19	A
mnxr104619c2b	A
mnxr104619c2c19	A
mnxr104619c3c19	A
mnxr104620c3c19	A
mnxr104621c3c19	A
mnxr104633c3c19	A
mnxr104642c3c19	A
mnxr104645c3c19	a
mnxr104646c2b	a
mnxr104646c2c19	a
mnxr104650c3	A
mnxr104655c3c19	A
mnxr104659c3	A
mnxr104714c3	A
mnxr104718c3	a
mnxr104722c2b	a
mnxr104722c2c19	a
mnxr104723c3c19	a
mnxr104724c2b	a
mnxr104724c2c19	a
mnxr104725c3c19	A
mnxr104730c3	a
mnxr104732c3c19	a
mnxr104733c2b	a
mnxr104733c2c19	a
mnxr104749c2b	a
mnxr104749c2c19	a
mnxr104756c3	A
mnxr104762c3	A
mnxr104764c19c3	b
mnxr104765c19c3	b
mnxr104805c19c3	A
mnxr104818c3c19	A
mnxr104821c2b	A
mnxr104821c2c19	A
mnxr104827c3c19	a
mnxr104833c3	A
mnxr104834c3	A
mnxr104842c3c19	A
mnxr104845c2b	a
mnxr104845c2c19	a
mnxr104846c3	A
mnxr104849c3c19	A
mnxr104850c3c19	A
mnxr104851c3c19	A
mnxr104852c2b	A
mnxr104852c2c19	A
mnxr104853c2b	A
mnxr104853c2c19	A
mnxr104854c3c19	A
mnxr104861c3	A
mnxr104868c3	A
mnxr104884c2b	a
mnxr104884c2c19	a
mnxr104885c3	A
mnxr104898c3	a
mnxr104907c3	A
mnxr104964c3c19	b
mnxr104966c2b	a
mnxr104966c2c19	a
mnxr104976c2b	B
mnxr104976c2c19	A
mnxr104978c3c19	B
mnxr104979c2b	B
mnxr104979c2c19	B
mnxr104985c2b	a
mnxr104985c2c19	a
mnxr104996c19	a
mnxr105000c3	A
mnxr105002c2b	A
mnxr105002c2c19	A
mnxr105002c3c19	A
mnxr105003c3c19	A
mnxr105013c3	A
mnxr105074c3	B
mnxr105091c3	A
mnxr105114c3c19	B
mnxr105116c3	A
mnxr105133c3	B
mnxr105139c3	A
mnxr105140c3	A
mnxr105145c2b	a
mnxr105145c2c19	a
mnxr105147c2b	A
mnxr105147c2c19	A
mnxr105147c3c19	A
mnxr105148c3c19	A
mnxr105152c3	A
mnxr105187c3c19	A
mnxr105188c3c19	A
mnxr105190c2b	A
mnxr105190c2c19	A
mnxr105217c3	A
mnxr105224c3	a
mnxr105226c2b	A
mnxr105226c2c19	A
mnxr105226c3c19	A
mnxr105227c3c19	A
mnxr105268c3c19	a
mnxr105270c2b	a
mnxr105270c2c19	a
mnxr105271c3c19	a
mnxr105277c3c19	A
mnxr105278c3c19	A
mnxr105280c2b	A
mnxr105280c2c19	A
mnxr105280c3c19	A
mnxr105281c3c19	A
mnxr105373c3	A
mnxr106519c3	A
mnxr107148c3	A
mnxr108088c3	B
mnxr108734c3	A
mnxr109272c3	A
mnxr109490c3	A
mnxr110946c3	b
mnxr111053c3	A
mnxr113603c3	A
mnxr114036c3	A
mnxr115029c3	b
mnxr115894c3	a
mnxr115917c3	A
mnxr115959c3	b
mnxr116013c3	A
mnxr123213c3	A
mnxr123302c3	B
mnxr123320c3	A
mnxr123321c3	A
mnxr123407c3c19	A
mnxr123969c3c19	A
mnxr124001c3c19	B
mnxr124002c3c19	B
mnxr124011c2b	B
mnxr124017c2b	A
mnxr124017c2c19	A
mnxr124017c3b	A
mnxr124017c3c19	A
mnxr124018c3c19	A
mnxr124027c3c19	b
mnxr124028c3c19	b
mnxr124032c2c19	B
mnxr124032c3c19	B
mnxr124046c3c19	A
mnxr124047c3c19	A
mnxr125801c3	A
mnxr126136c3	a
mnxr126234c3	A
mnxr126347c3	b
mnxr131355c3b	A
mnxr132656c3	A
mnxr133772c3	A
mnxr133777c3	A
mnxr133780c3	A
mnxr134418c3	A
mnxr135757c3	b
mnxr135910c3	A
mnxr137261c3b	A
mnxr137689c3	A
mnxr138045c3	a
mnxr138059c3	A
mnxr138060c3	A
mnxr138070c2b	a
mnxr138070c2c19	a
mnxr138144c3	B
mnxr138151c3	B
mnxr138170c3c19	B
mnxr138171c2b	B
mnxr138171c2c19	B
mnxr138188c3	a
mnxr138207c3c19	a
mnxr138208c2b	a
mnxr138208c2c19	a
mnxr138209c3	a
mnxr138236c3	B
mnxr138512c3	A
mnxr138518c3	a
mnxr138519c3	a
mnxr138590c3	A
mnxr138592c3c19	a
mnxr138593c2b	a
mnxr138593c2c19	a
mnxr138624c3	a
mnxr138626c3	b
mnxr138629c3	b
mnxr138920c3	B
mnxr138930c3c19	a
mnxr138931c2b	a
mnxr138931c2c19	a
mnxr140043c3	A
mnxr140928c3	A
mnxr142626c3	A
mnxr142714c3	b
mnxr142736c3b	A
mnxr142747c3b	a
mnxr142748c3b	A
mnxr142825c19	A
mnxr142826c19	A
mnxr142827c19	A
mnxr142917c2b	B
mnxr142942c2b	a
mnxr142943c2b	a
mnxr142960c2b	B
mnxr142961c2b	a
mnxr142962c2b	a
mnxr142964c2b	a
mnxr142965c2b	A
mnxr142966c2b	a
mnxr143008c2b	a
mnxr143009c2b	a
mnxr143137c3	A
mnxr143196c19	A
mnxr143249c3c19	A
mnxr143250c3c19	A
mnxr143253c3	b
mnxr143296c19	A
mnxr144937c3c19	a
mnxr144939c2b	a
mnxr144939c2c19	a
mnxr144942c3c19	a
mnxr144946c3c19	a
mnxr144947c3	A
mnxr144956c2b	B
mnxr144956c2c19	B
mnxr144981c3	A
mnxr144996c3	A
mnxr145006c3	A
mnxr145008c3	A
mnxr145012c3	B
mnxr145021c3	A
mnxr145036c3	A
mnxr145038c3	A
mnxr145040c3	a
mnxr145042c3c19	a
mnxr145043c2b	a
mnxr145043c2c19	a
mnxr145046c3	A
mnxr145048c2b	a
mnxr145048c2c19	a
mnxr145050c3	A
mnxr145064c3	a
mnxr145076c3	A
mnxr145080c3	A
mnxr145089c2b	A
mnxr145089c2c19	A
mnxr145092c3c19	A
mnxr145093c2b	A
mnxr145093c2c19	A
mnxr145094c2b	A
mnxr145094c2c19	A
mnxr145095c3c19	A
mnxr145110c3	B
mnxr145113c3	A
mnxr145114c19	A
mnxr145114c3	A
mnxr145117c19	a
mnxr145117c3	a
mnxr145126c3	A
mnxr145128c3	A
mnxr145130c3	A
mnxr145141c3	A
mnxr145147c3	a
mnxr145150c19	a
mnxr145162c3	A
mnxr145177c3	a
mnxr145190c3	A
mnxr145194c3	A
mnxr145214c3c19	A
mnxr145237c3	A
mnxr145239c3	a
mnxr145262c3	A
mnxr145269c3	A
mnxr145285c3	A
mnxr145290c3	A
mnxr145296c3c19	A
mnxr145298c2b	A
mnxr145298c2c19	A
mnxr145303c3	A
mnxr145320c3	A
mnxr145324c3	A
mnxr145336c3	A
mnxr145341c19	B
mnxr145403c19	a
mnxr145403c3	a
mnxr145409c3	A
mnxr145433c3c19	B
mnxr145435c2	a
mnxr145437c3	b
mnxr145440c2b	b
mnxr145440c2c19	b
mnxr145455c3	A
mnxr145464c19	A
mnxr145466c3	A
mnxr145468c3	A
mnxr145490c3	A
mnxr145513c3	A
mnxr145528c3	a
mnxr145530c3c19	a
mnxr145532c2b	a
mnxr145532c2c19	a
mnxr145536c3	a
mnxr145538c19c3	a
mnxr145540c2b	a
mnxr145540c2c19	a
mnxr145545c3	A
mnxr145548c3	A
mnxr145554c3	A
mnxr145560c19	A
mnxr145562c19	A
mnxr145564c19	A
mnxr145566c19	A
mnxr145582c3	A
mnxr145588c2b	a
mnxr145588c2c19	a
mnxr145590c3	A
mnxr145622c3	A
mnxr145626c3	A
mnxr145632c3	A
mnxr145636c3	A
mnxr145639c3	A
mnxr145646c3c19	a
mnxr145648c2b	a
mnxr145648c2c19	a
mnxr145650c3	A
mnxr145659c19c3	a
mnxr145661c2b	a
mnxr145661c2c19	a
mnxr145663c3	A
mnxr145666c3	A
mnxr145670c3	A
mnxr145703c3	A
mnxr145716c3	A
mnxr145727c3	B
mnxr145749c2b	a
mnxr145749c2c19	a
mnxr145749c3c19	a
mnxr145755c3	A
mnxr145761c3	A
mnxr145787c19c3	a
mnxr145789c19c3	a
mnxr145799c19	a
mnxr145799c3	A
mnxr145801c3	B
mnxr145803c3	A
mnxr145805c3	A
mnxr145807c3	A
mnxr145811c3	a
mnxr145817c3c19	B
mnxr145819c3	B
mnxr145835c3	A
mnxr145842c3	A
mnxr145845c3	a
mnxr145876c3c19	A
mnxr145879c3c19	A
mnxr145880c3c19	A
mnxr145901c3	A
mnxr145903c3	A
mnxr145907c3	A
mnxr145933c3c19	A
mnxr145947c3	a
mnxr145949c3	A
mnxr145952c3	A
mnxr145954c3c19	A
mnxr145956c3c19	A
mnxr145958c3c19	A
mnxr145974c3c19	A
mnxr145976c3c19	A
mnxr145978c3c19	A
mnxr145980c19	A
mnxr145980c3	A
mnxr145982c19	A
mnxr145982c3	A
mnxr145984c19	A
mnxr145984c3	A
mnxr145988c3	A
mnxr145990c3	A
mnxr145992c3	A
mnxr146002c3c19	A
mnxr146072c2b	A
mnxr146072c2c19	A
mnxr146072c3c19	A
mnxr146074c19	A
mnxr146076c19	A
mnxr146078c19	A
mnxr146080c19	A
mnxr146082c19	A
mnxr146084c3	A
mnxr146101c3	A
mnxr146103c3	A
mnxr146109c3	A
mnxr146111c3	A
mnxr146113c3	a
mnxr146118c3	A
mnxr146120c3	A
mnxr146130c3c19	a
mnxr146132c2b	a
mnxr146132c2c19	a
mnxr146138c3c19	A
mnxr146139c2b	A
mnxr146139c2c19	A
mnxr146144c3	A
mnxr146146c3	A
mnxr146159c3	A
mnxr146161c3	A
mnxr146171c3	A
mnxr146175c3	A
mnxr146176c3	A
mnxr146182c3	A
mnxr146202c2b	a
mnxr146202c2c19	a
mnxr146202c3c19	a
mnxr146204c3	a
mnxr146241c3	a
mnxr146294c3	A
mnxr146302c3c19	a
mnxr146304c3	a
mnxr146307c3c19	a
mnxr146310c2b	a
mnxr146310c2c19	a
mnxr146314c3	A
mnxr146318c3	A
mnxr146320c3	A
mnxr146324c3	A
mnxr146326c3	A
mnxr146330c3	A
mnxr146332c3	A
mnxr146336c3	A
mnxr146400c3	B
mnxr146403c3	B
mnxr146404c3	b
mnxr146407c3	A
mnxr146410c3	A
mnxr146413c3	A
mnxr146427c3	A
mnxr146433c3	A
mnxr146487c3	b
mnxr146495c2b	B
mnxr146495c2c19	B
mnxr146497c19c3	B
mnxr146499c3	a
mnxr146501c3	A
mnxr146510c3	A
mnxr146513c3	A
mnxr146516c3	A
mnxr146520c3	A
mnxr146526c3	A
mnxr146531c3	a
mnxr146538c3	A
mnxr146555c3	A
mnxr146558c3	b
mnxr146560c19c3	a
mnxr146562c3	b
mnxr146564c19c3	a
mnxr146566c2b	a
mnxr146566c2c19	a
mnxr146568c3	A
mnxr146573c3	A
mnxr146575c3	B
mnxr146581c3	A
mnxr146590c3	A
mnxr146597c3	A
mnxr146605c2b	A
mnxr146605c2c19	A
mnxr146605c3c19	A
mnxr146607c3c19	A
mnxr146611c19	a
mnxr146613c2b	a
mnxr146613c2c19	a
mnxr146619c3	B
mnxr146621c3	A
mnxr146636c19	a
mnxr146638c19	a
mnxr146646c3	A
mnxr146653c3	A
mnxr146662c3	A
mnxr146667c19	A
mnxr146667c3	A
mnxr146674c3c19	A
mnxr146676c2b	a
mnxr146676c2c19	a
mnxr146680c19	a
mnxr146683c3	B
mnxr146686c19	a
mnxr146688c2b	a
mnxr146688c2c19	a
mnxr146695c3	A
mnxr146706c3	B
mnxr146708c3	B
mnxr146719c3	A
mnxr146723c3c19	a
mnxr146728c2b	A
mnxr146728c2c19	A
mnxr146728c3c19	A
mnxr146729c3	A
mnxr146733c3	A
mnxr146739c3	A
mnxr146751c3	a
mnxr146753c3	A
mnxr146759c3	a
mnxr146784c3	A
mnxr146810c3	a
mnxr146812c3	a
mnxr146819c3	A
mnxr147046c3	A
mnxr147175c3	a
mnxr147510c3	a
mnxr147830c3	B
mnxr148516c3	b
mnxr148942c3	A
mnxr148946c3	A
mnxr149092c3	A
mnxr149094c3	A
mnxr149684c3	a
mnxr149699c3	a
mnxr150167c3	b
mnxr150328c3	a
mnxr151156c3	a
mnxr151162c3	a
mnxr151192c3	A
mnxr151201c3	B
mnxr151204c3	B
mnxr151207c3	a
mnxr151244c3c19	A
mnxr151274c3	A
mnxr151344c2b	a
mnxr151350c3	a
mnxr151353c3	A
mnxr151367c3c19	A
mnxr151368c2b	A
mnxr151386c3c19	A
mnxr151400c3	A
mnxr151441c3	A
mnxr151449c3	A
mnxr151452c3c19	a
mnxr151498c2b	a
mnxr151498c2c19	a
mnxr151535c3	A
mnxr151539c3	A
mnxr151587c3	A
mnxr151592c3	a
mnxr151593c3	B
mnxr151595c3	b
mnxr151597c3	B
mnxr151600c2b	a
mnxr151600c2c19	a
mnxr151645c3	a
mnxr151648c3c19	a
mnxr151670c19	a
mnxr151670c3	b
mnxr151690c3	a
mnxr151709c3	a
mnxr151714c3	b
mnxr151715c3	A
mnxr151721c3	b
mnxr151766c3	a
mnxr151858c3	A
mnxr151868c3	A
mnxr151870c3	A
mnxr151976c3	A
mnxr152000c3	A
mnxr152004c3	A
mnxr152012c3	A
mnxr152025c3	A
mnxr152039c3	A
mnxr152100c3	A
mnxr152122c3	B
mnxr152128c3	B
mnxr152150c2b	a
mnxr152150c2c19	a
mnxr152153c3	A
mnxr152155c3	A
mnxr152157c3	A
mnxr152159c3c19	A
mnxr152161c2	A
mnxr152163c3	A
mnxr152165c3	A
mnxr152174c3	A
mnxr152176c3	A
mnxr152188c19	A
mnxr152190c19	A
mnxr152192c19	A
mnxr152194c19	A
mnxr152196c19	A
mnxr152198c19	A
mnxr152200c19	A
mnxr152202c19	A
mnxr152204c19	A
mnxr152206c19	A
mnxr152208c19	A
mnxr152210c19	A
mnxr152212c19	A
mnxr152214c19	A
mnxr152216c19	A
mnxr152218c19	A
mnxr152220c19	A
mnxr152222c3	B
mnxr152224c3	B
mnxr152254c3	a
mnxr152256c19	a
mnxr152268c3	a
mnxr152273c3	A
mnxr152589c3	B
mnxr152591c2b	a
mnxr152591c2c19	a
mnxr152593c19	a
mnxr152595c3	A
mnxr152617c3	A
mnxr152620c3	A
mnxr152623c3	A
mnxr152627c3	A
mnxr152629c3	A
mnxr152632c3	A
mnxr152636c3	A
mnxr152639c3	A
mnxr152643c3	a
mnxr152653c3	A
mnxr152657c3	A
mnxr152660c3	A
mnxr152664c3	A
mnxr152667c3	A
mnxr152669c3	A
mnxr152674c3	A
mnxr152677c3	A
mnxr152703c3	A
mnxr152715c3	A
mnxr152737c3	A
mnxr152748c19	a
mnxr152752c19	a
mnxr152762c3	A
mnxr152773c3	A
mnxr152777c3c19	a
mnxr152779c2b	a
mnxr152779c2c19	a
mnxr152808c3	A
mnxr152825c3	A
mnxr152846c3	A
mnxr152852c3	B
mnxr152858c3	B
mnxr152867c2b	A
mnxr152867c2c19	A
mnxr152868c3c19	A
mnxr152871c3	A
mnxr152878c3	B
mnxr152879c3c19	b
mnxr152895c3	A
mnxr152897c19	A
mnxr152897c3	A
mnxr152899c19	A
mnxr152899c3	A
mnxr152901c3	A
mnxr152903c3c19	A
mnxr152915c3	A
mnxr152921c3	A
mnxr152946c3	a
mnxr152955c3c19	a
mnxr152957c2b	a
mnxr152957c2c19	a
mnxr152959c19	b
mnxr152961c3	A
mnxr152963c3	A
mnxr152965c3	A
mnxr152967c3	A
mnxr152971c3	a
mnxr152974c3	A
mnxr152982c3	a
mnxr152984c3	A
mnxr152990c3	A
mnxr153004c3	B
mnxr153009c3	a
mnxr153011c3	A
mnxr153013c3	A
mnxr153015c3c19	B
mnxr153021c3	A
mnxr153048c3	B
mnxr153054c3	A
mnxr153056c3	A
mnxr153059c19c3	A
mnxr153116c3c19	a
mnxr153118c2b	a
mnxr153118c2c19	a
mnxr153145c3	A
mnxr153146c3	A
mnxr153148c3	A
mnxr153150c3	A
mnxr153152c3	A
mnxr153154c3	A
mnxr153156c3	A
mnxr153163c3	A
mnxr153181c3	B
mnxr153183c2b	a
mnxr153183c2c19	a
mnxr153183c3c19	a
mnxr153200c3	A
mnxr153209c19	A
mnxr153211c19	A
mnxr153215c3	A
mnxr153260c3	A
mnxr153262c3	A
mnxr153264c3	A
mnxr153266c3c19	A
mnxr153268c2	A
mnxr153270c3	b
mnxr153272c3c19	B
mnxr153293c3	b
mnxr153298c3	A
mnxr153300c3	a
mnxr153302c3	A
mnxr153304c3	A
mnxr153308c3	A
mnxr153310c3	A
mnxr153312c3	A
mnxr153314c3	A
mnxr153318c3	a
mnxr153326c3	A
mnxr153328c2b	a
mnxr153328c2c19	a
mnxr153336c3	A
mnxr153350c3	b
mnxr153352c3	b
mnxr153354c3	A
mnxr153359c3	A
mnxr153400c3	A
mnxr153403c3	b
mnxr153408c3	A
mnxr153413c3	A
mnxr153416c3	A
mnxr153418c3	B
mnxr153422c2b	A
mnxr153431c3	A
mnxr153432c3	A
mnxr153436c3	A
mnxr153439c3	A
mnxr153443c3	A
mnxr153445c3	A
mnxr153450c2b	A
mnxr153452c3	A
mnxr153455c3	A
mnxr153458c3	A
mnxr153472c3	A
mnxr153497c2b	A
mnxr153497c2c19	A
mnxr153497c3c19	A
mnxr153517c3	A
mnxr153525c3	a
mnxr153527c3	a
mnxr153548c3	A
mnxr153550c3	A
mnxr153552c3	A
mnxr153554c3c19	A
mnxr153556c2	A
mnxr153558c3	A
mnxr153560c3	A
mnxr153562c3	A
mnxr153564c3	A
mnxr153566c3c19	A
mnxr153568c2	A
mnxr153582c3	A
mnxr153584c3	A
mnxr153595c3	B
mnxr153609c3c19	a
mnxr153630c3c19	A
mnxr153631c2b	A
mnxr153631c2c19	A
mnxr153631c3c19	A
mnxr153695c3c19	A
mnxr153697c2b	A
mnxr153697c2c19	A
mnxr153699c3c19	a
mnxr153701c2b	a
mnxr153701c2c19	a
mnxr153703c3	A
mnxr153725c3	a
mnxr153727c3	a
mnxr153730c3c19	a
mnxr153731c2b	a
mnxr153731c2c19	a
mnxr153732c3c19	a
mnxr153745c19	a
mnxr153856c3	A
mnxr153857c19c3	B
mnxr153876c3	B
mnxr153878c3	B
mnxr153934c3	B
mnxr153998c3	a
mnxr154000c3	A
mnxr154001c3c19	A
mnxr154084c3	a
mnxr154085c3	a
mnxr154367c3	A
mnxr154512c3	A
mnxr154589c3	A
mnxr154659c3	B
mnxr154753c3	B
mnxr154754c3	a
mnxr155232c3c19	B
mnxr155343c3	a
mnxr155386c2b	B
mnxr155386c2c19	B
mnxr155392c3	A
mnxr155402c3	B
mnxr155406c3	B
mnxr155679c3	B
mnxr155694c3	A
mnxr155791c3	B
mnxr155815c2b	a
mnxr155815c2c19	a
mnxr155815c3c19	a
mnxr156032c2b	A
mnxr156032c2c19	A
mnxr156032c3c19	A
mnxr156033c3	A
mnxr156036c3	B
mnxr156379c2b	A
mnxr156379c2c19	A
mnxr156919c2b	a
mnxr156919c2c19	a
mnxr156923c2b	a
mnxr156923c2c19	a
mnxr157117c2b	a
mnxr157117c2c19	a
mnxr157117c3c19	a
mnxr157435c2	A
mnxr157440c3	B
mnxr157441c3	B
mnxr157448c3	B
mnxr157449c3	A
mnxr157518c3	A
mnxr158917c3	B
mnxr159078c3	B
mnxr159213c3	B
mnxr159551c3	B
mnxr159582c3c19	a
mnxr159591c3	a
mnxr159592c3c19	a
mnxr159602c3	B
mnxr159744c3	A
mnxr159745c3	A
mnxr159747c3	A
mnxr159748c3	A
mnxr159749c3	A
mnxr159750c3	A
mnxr159751c3	A
mnxr159752c3	A
mnxr159798c3	b
mnxr160179c3	b
mnxr160216c3	A
mnxr160217c3	A
mnxr160637c3	B
mnxr162280c3	B
mnxr162321c3	a
mnxr162395c2c19	B
mnxr162395c3c19	B
mnxr162414c3	B
mnxr162415c3c19	B
mnxr162425c3	A
mnxr162583c3	B
mnxr162607c3	a
mnxr162615c3	B
mnxr162666c3	A
mnxr162768c3	B
mnxr162769c3	a
mnxr162938c3	B
mnxr163202c3	B
mnxr163211c3	A
mnxr163287c3	B
mnxr165700c3	A
mnxr165854c3	A
mnxr166038c3	a
mnxr166070c3	a
mnxr166374c3	A
mnxr167023c2b	A
mnxr167023c2c19	A
mnxr167030c2b	B
mnxr167030c2c19	A
mnxr172016c3	A
mnxr172278c3	A
mnxr173045c3	A
mnxr173048c3	A
mnxr173887c3	B
mnxr174892c3c19	a
mnxr177707c3	B
mnxr178721c2b	a
mnxr178721c2c19	a
mnxr182405c19c3	a
mnxr183202c3	B
mnxr183276c3	B
mnxr183534c3	a
mnxr183627c3	a
mnxr185422c3	a
mnxr186444c3	a
mnxr188089c2b	a
mnxr188089c2c19	a
mnxr188091c3c19	a
mnxr188093c3c19	a
mnxr188099c3	A
mnxr188101c3	A
mnxr188105c2b	a
mnxr188105c2c19	a
mnxr188117c3	A
mnxr188119c3	A
mnxr188127c3c19	a
mnxr188129c2b	a
mnxr188129c2c19	a
mnxr188131c3c19	A
mnxr188137c3	A
mnxr188139c3	A
mnxr188141c3	A
mnxr188143c19	a
mnxr188143c3	A
mnxr188145c3	A
mnxr188147c3	A
mnxr188149c3	A
mnxr188153c2b	a
mnxr188153c2c19	a
mnxr188157c3	B
mnxr188159c3	A
mnxr188161c2b	A
mnxr188161c2c19	A
mnxr188163c3c19	A
mnxr188167c3	A
mnxr188173c3	A
mnxr188177c3	A
mnxr188179c3	A
mnxr188183c2b	a
mnxr188183c2c19	a
mnxr188185c3	a
mnxr188200c3	A
mnxr188203c3	A
mnxr188205c3	A
mnxr188207c3	A
mnxr188212c3	A
mnxr188219c3	A
mnxr188231c3	A
mnxr188235c3	B
mnxr188241c3	A
mnxr188245c3	A
mnxr188247c3	A
mnxr188249c3	A
mnxr188253c3	A
mnxr188255c2b	a
mnxr188255c2c19	a
mnxr188261c3c19	a
mnxr188267c3	A
mnxr188269c2b	a
mnxr188269c2c19	a
mnxr188271c2b	A
mnxr188271c2c19	A
mnxr188273c3c19	A
mnxr188277c3	A
mnxr188291c19c3	A
mnxr188315c3c19	A
mnxr188318c3c19	A
mnxr188321c2b	a
mnxr188321c2c19	a
mnxr188327c3	A
mnxr188333c2b	A
mnxr188333c2c19	A
mnxr188335c3	A
mnxr188337c3	A
mnxr188341c3c19	a
mnxr188343c2b	a
mnxr188343c2c19	a
mnxr188345c3c19	a
mnxr188347c2b	a
mnxr188347c2c19	a
mnxr188349c3c19	a
mnxr188351c2b	a
mnxr188351c2c19	a
mnxr188353c3c19	a
mnxr188355c2b	a
mnxr188355c2c19	a
mnxr188359c3c19	B
mnxr188373c3	A
mnxr188381c3	A
mnxr188383c3c19	A
mnxr188385c3c19	A
mnxr188387c2b	a
mnxr188387c2c19	a
mnxr188415c2b	a
mnxr188415c2c19	a
mnxr188421c3	a
mnxr188423c3	A
mnxr188425c3	A
mnxr188433c3	A
mnxr188445c3	A
mnxr188454c3	A
mnxr188456c3	A
mnxr188487c3	A
mnxr188489c3	A
mnxr188495c3	A
mnxr188497c3	A
mnxr188501c3	A
mnxr188503c3	A
mnxr188511c3c19	a
mnxr188513c3	A
mnxr188515c3	A
mnxr188525c19	a
mnxr188525c3	A
mnxr188527c19	a
mnxr188527c3	A
mnxr188529c19	a
mnxr188529c3	A
mnxr188531c19	a
mnxr188531c3	A
mnxr188533c19	a
mnxr188533c3	A
mnxr188535c3	B
mnxr188537c19	a
mnxr188537c3	A
mnxr188539c3	A
mnxr188541c3	A
mnxr188543c3	A
mnxr188545c3	A
mnxr188547c3	A
mnxr188549c3	A
mnxr188551c3	A
mnxr188553c3	B
mnxr188559c3	A
mnxr188567c3	A
mnxr188581c3	b
mnxr188594c3	A
mnxr188600c3	A
mnxr188607c3	a
mnxr188621c3	B
mnxr188623c3	A
mnxr188625c3	A
mnxr188637c3	A
mnxr188639c3	A
mnxr188641c3	A
mnxr188649c3	A
mnxr188663c3	A
mnxr188670c19	a
mnxr188690c3	A
mnxr188692c3	A
mnxr188696c3	A
mnxr188698c3	A
mnxr188712c3	B
mnxr188714c3	A
mnxr188726c3	A
mnxr188728c3	A
mnxr188730c3	A
mnxr188736c3	A
mnxr188738c3	A
mnxr188742c19	a
mnxr188742c3	A
mnxr188744c2b	a
mnxr188744c2c19	a
mnxr188826c3	A
mnxr188856c3	B
mnxr188858c3	B
mnxr188878c3	A
mnxr188900c3	A
mnxr188916c3	A
mnxr188922c3	A
mnxr188930c19c3	a
mnxr188934c2b	a
mnxr188934c2c19	a
mnxr188944c3	A
mnxr188946c2b	a
mnxr188946c2c19	a
mnxr188952c3	B
mnxr188954c2b	a
mnxr188954c2c19	a
mnxr188974c3	A
mnxr188978c2b	a
mnxr188978c2c19	a
mnxr188980c3	A
mnxr188986c3	A
mnxr188988c3	A
mnxr188990c2b	A
mnxr188990c2c19	A
mnxr188992c3c19	A
mnxr189018c2b	a
mnxr189018c2c19	a
mnxr189022c3	A
mnxr189024c3	A
mnxr189026c3c19	A
mnxr189028c2b	A
mnxr189028c2c19	A
mnxr189171c3	A
mnxr189251c3	B
mnxr189259c3	b
mnxr189261c3	b
mnxr189337c2b	b
mnxr189339c3c19	A
mnxr189341c3c19	A
mnxr189531c3	A
mnxr189551c3c19	a
mnxr189560c3	A
mnxr189576c2b	a
mnxr189577c2b	a
mnxr189582c3	B
mnxr189592c19	A
mnxr189594c19	A
mnxr189614c3	A
mnxr189616c3	B
mnxr189638c3	B
mnxr189644c19	a
mnxr189644c3	a
mnxr189646c3	A
mnxr189648c3	A
mnxr189650c3	A
mnxr189684c3	A
mnxr189686c3	A
mnxr189706c3	B
mnxr189719c3	A
mnxr189721c3	A
mnxr189725c3	B
mnxr189753c3	A
mnxr189770c3	A
mnxr189820c3	A
mnxr189826c3	A
mnxr189840c3	A
mnxr189850c3	A
mnxr189852c3	A
mnxr189904c3	A
mnxr190018c3	B
mnxr190103c3	A
mnxr190109c3	A
mnxr190113c3c19	a
mnxr190115c2b	a
mnxr190115c2c19	a
mnxr190119c3	a
mnxr190163c3	A
mnxr190176c3	a
mnxr190200c3	A
mnxr190208c3	b
mnxr190214c3c19	A
mnxr190253c3c19	a
mnxr190273c19	a
mnxr190420c19	a
mnxr190422c19	a
mnxr190434c2b	a
mnxr190434c2c19	a
mnxr190448c19	a
mnxr190450c19	a
mnxr190452c19	a
mnxr190454c19	a
mnxr190462c3	a
mnxr190466c2b	a
mnxr190466c2c19	a
mnxr190488c3	A
mnxr190490c3	B
mnxr190492c3	a
mnxr190494c3	A
mnxr190498c3	A
mnxr190501c3	A
mnxr190503c3	A
mnxr190505c3	A
mnxr190507c3	A
mnxr190509c3	A
mnxr190511c3	B
mnxr190513c3	B
mnxr190515c3	A
mnxr190517c3	A
mnxr190529c19c3	a
mnxr190531c3	A
mnxr190535c19c3	a
mnxr190539c2b	a
mnxr190539c2c19	a
mnxr190571c3	A
mnxr190575c3	A
mnxr190581c3	A
mnxr190583c3	A
mnxr190585c3	A
mnxr190591c3	A
mnxr190593c2b	A
mnxr190593c2c19	A
mnxr190595c3c19	A
mnxr190597c3	B
mnxr190607c3	A
mnxr190613c3	A
mnxr190617c3	A
mnxr190619c3	A
mnxr190625c3	A
mnxr190634c3	A
mnxr190640c3	A
mnxr190642c3c19	A
mnxr190644c3	A
mnxr190646c2b	A
mnxr190646c2c19	A
mnxr190670c3	b
mnxr190676c3	A
mnxr190678c3	A
mnxr190680c3	A
mnxr190684c3	A
mnxr190686c3	A
mnxr190692c3	B
mnxr190696c3	A
mnxr190704c3	A
mnxr190706c3c19	A
mnxr190708c2	A
mnxr190710c3c19	A
mnxr190716c3	A
mnxr190718c3	A
mnxr190722c3	A
mnxr190730c3	A
mnxr190736c3	A
mnxr190762c3c19	b
mnxr190772c3	A
mnxr190800c3	A
mnxr190816c3	A
mnxr190820c2b	a
mnxr190820c2c19	a
mnxr190830c3	A
mnxr190834c3	b
mnxr190836c3c19	A
mnxr190838c3c19	A
mnxr190840c2b	b
mnxr190840c2c19	b
mnxr190842c3c19	A
mnxr190844c3	A
mnxr190846c3	A
mnxr190850c3	A
mnxr190856c3	A
mnxr190858c3	A
mnxr190860c3	A
mnxr190862c3	A
mnxr190864c2b	A
mnxr190864c2c19	A
mnxr190866c3c19	A
mnxr190870c3	A
mnxr190874c3	A
mnxr190876c3	A
mnxr190886c3	A
mnxr190908c3	A
mnxr190914c3	A
mnxr190944c3	A
mnxr190956c3	A
mnxr190980c3	A
mnxr190982c3	A
mnxr190984c3	A
mnxr190986c3	A
mnxr190988c3	A
mnxr190992c3	A
mnxr190994c3	A
mnxr190998c19c3	a
mnxr191002c3c19	A
mnxr191006c3c19	A
mnxr191010c19c3	A
mnxr191014c3c19	A
mnxr191018c3c19	A
mnxr191039c3c19	a
mnxr191085c3	A
mnxr191089c3	a
mnxr191095c3	A
mnxr191099c3	A
mnxr191115c3	A
mnxr191121c3	A
mnxr191123c3	A
mnxr191128c3	A
mnxr191133c3c19	A
mnxr191135c3c19	A
mnxr191139c2b	A
mnxr191139c2c19	A
mnxr191141c3c19	A
mnxr191149c2b	a
mnxr191149c2c19	a
mnxr191149c3c19	a
mnxr191153c2b	a
mnxr191153c2c19	a
mnxr191159c3	A
mnxr191167c3	A
mnxr191171c2b	a
mnxr191171c2c19	a
mnxr191173c19	a
mnxr191173c3	A
mnxr191178c3	A
mnxr191180c3	A
mnxr191196c19	a
mnxr191196c3	A
mnxr191290c3	a
mnxr191291c3	a
mnxr191427c3	A
mnxr191775c2b	A
mnxr191809c3c19	A
mnxr191935c2b	B
mnxr191935c2c19	B
mnxr191942c2b	a
mnxr191942c2c19	a
mnxr191953c3	A
mnxr191956c3	A
mnxr191958c3c19	A
mnxr191959c2b	A
mnxr191959c2c19	A
mnxr191959c3c19	A
mnxr191963c2b	A
mnxr191963c2c19	A
mnxr191963c3c19	A
mnxr191964c3	A
mnxr191973c2b	a
mnxr191973c2c19	a
mnxr191975c3	A
mnxr191977c3	a
mnxr191980c3c19	a
mnxr191981c3c19	a
mnxr191982c2b	a
mnxr191982c2c19	a
mnxr191983c2b	a
mnxr191983c2c19	a
mnxr191992c3	A
mnxr191995c3	A
mnxr191999c3	a
mnxr192001c3	a
mnxr192003c3	a
mnxr192006c2b	a
mnxr192006c2c19	a
mnxr192018c3	A
mnxr192029c3	A
mnxr192038c3c19	a
mnxr192042c3	A
mnxr192044c3	A
mnxr192055c3	A
mnxr192102c3	A
mnxr192124c3	A
mnxr192172c3	A
mnxr192174c3	A
mnxr192238c3	A
mnxr192332c3	a
mnxr192336c2b	A
mnxr192336c2c19	A
mnxr192336c3c19	A
mnxr192384c19	a
mnxr192384c3	A
mnxr192386c2b	a
mnxr192386c2c19	a
mnxr192387c2b	a
mnxr192387c2c19	a
mnxr192388c3	A
mnxr192390c3	A
mnxr192392c3	A
mnxr192394c3	A
mnxr192398c3	B
mnxr192404c3c19	A
mnxr192406c3c19	B
mnxr192408c2b	B
mnxr192408c2c19	B
mnxr192410c3	A
mnxr192416c3	A
mnxr192418c3	A
mnxr192420c3	a
mnxr192422c3	a
mnxr192424c3	a
mnxr192426c3	a
mnxr192432c19	a
mnxr192432c3	A
mnxr192434c3	A
mnxr192436c3	a
mnxr192440c19	A
mnxr192440c3	A
mnxr192518c3	A
mnxr192546c3	a
mnxr192550c2b	a
mnxr192550c2c19	a
mnxr192556c3	A
mnxr192558c3	A
mnxr192568c2b	a
mnxr192568c2c19	a
mnxr192576c3	A
mnxr192609c3	A
mnxr192628c3	A
mnxr192632c2b	a
mnxr192632c2c19	a
mnxr192633c2b	a
mnxr192633c2c19	a
mnxr192636c19	B
mnxr192636c3	A
mnxr192638c3	A
mnxr192650c3	A
mnxr192652c3	A
mnxr192654c3	A
mnxr192657c3	A
mnxr192661c2b	a
mnxr192661c2c19	a
mnxr192663c2b	a
mnxr192663c2c19	a
mnxr192666c3	A
mnxr192668c2b	A
mnxr192668c2c19	A
mnxr192670c19	A
mnxr192670c3	A
mnxr192674c19	A
mnxr192674c3	A
mnxr192676c3	A
mnxr192685c3	A
mnxr192687c3c19	A
mnxr192689c2b	B
mnxr192689c2c19	A
mnxr195371c19	B
mnxr195379c3	A
mnxr195388c19	B
mnxr195390c19	B
mnxr195392c19	B
mnxr195400c2b	A
mnxr195400c2c19	A
mnxr195403c3	A
mnxr94675c3c19	A
mnxr94676c3c19	A
mnxr94677c3c19	A
mnxr94678c3c19	A
mnxr94679c3c19	A
mnxr94680c3c19	A
mnxr94681c3c19	A
mnxr94683c2b	A
mnxr94683c2c19	A
mnxr94683c3c19	A
mnxr94684c2b	A
mnxr94684c2c19	A
mnxr94684c3c19	A
mnxr94693c3c19	a
mnxr94694c2b	a
mnxr94694c2c19	a
mnxr94718c2b	a
mnxr94718c2c19	a
mnxr94720c2b	a
mnxr94720c2c19	a
mnxr94724c19	a
mnxr94726c2b	a
mnxr94726c2c19	a
mnxr94727c3c19	a
mnxr94728c2b	a
mnxr94728c2c19	a
mnxr94741c2b	a
mnxr94741c2c19	a
mnxr94743c3c19	A
mnxr94744c3c19	A
mnxr94745c3c19	A
mnxr94746c3c19	A
mnxr94747c3c19	A
mnxr94748c3c19	A
mnxr94749c3c19	A
mnxr94750c3c19	A
mnxr94751c3c19	A
mnxr94752c3c19	A
mnxr94753c3c19	A
mnxr94754c3c19	A
mnxr94755c3c19	A
mnxr94756c3c19	A
mnxr94757c3	A
mnxr94758c3	A
mnxr94759c3	A
mnxr94760c3	A
mnxr94761c3	A
mnxr94763c3	A
mnxr94764c3c19	A
mnxr94765c3c19	A
mnxr94766c3c19	A
mnxr94767c3c19	A
mnxr94768c3c19	A
mnxr94769c3c19	A
mnxr94770c3c19	A
mnxr94771c3	A
mnxr94772c3	A
mnxr94773c3	A
mnxr94774c3	A
mnxr94775c3	A
mnxr94776c3	A
mnxr94777c3	A
mnxr94785c3	b
mnxr94786c3	b
mnxr94787c3	b
mnxr94788c3	b
mnxr94806c3	A
mnxr94848c2b	a
mnxr94848c2c19	a
mnxr94854c3	A
mnxr94861c2b	a
mnxr94861c2c19	a
mnxr94868c2b	a
mnxr94868c2c19	a
mnxr94878c3	A
mnxr94880c3	A
mnxr94882c3	A
mnxr94884c3	A
mnxr94903c3	a
mnxr94904c2b	A
mnxr94904c2c19	A
mnxr94905c3c19	A
mnxr94909c3	B
mnxr94943c3	A
mnxr94945c3	A
mnxr94947c3	A
mnxr94949c3	A
mnxr94954c3	A
mnxr94955c3	A
mnxr94956c3	A
mnxr94957c3	A
mnxr94958c3	A
mnxr94959c3	A
mnxr94960c3	A
mnxr94961c3	A
mnxr94962c3	A
mnxr94963c3	A
mnxr94964c3	A
mnxr94989c19	a
mnxr94993c2b	A
mnxr94993c2c19	A
mnxr94994c3c19	A
mnxr95017c2b	a
mnxr95017c2c19	a
mnxr95023c3	A
mnxr95050c3c19	A
mnxr95051c2b	A
mnxr95051c2c19	A
mnxr95065c3	A
mnxr95066c3c19	A
mnxr95067c2b	A
mnxr95067c2c19	A
mnxr95090c3c19	A
mnxr95095c3	B
mnxr95132c3	A
mnxr95138c3	A
mnxr95141c3	A
mnxr95142c3	A
mnxr95143c3	A
mnxr95144c3	A
mnxr95145c3	A
mnxr95146c3	A
mnxr95147c3	A
mnxr95148c3	A
mnxr95149c3	A
mnxr95153c19	a
mnxr95153c3	a
mnxr95186c3	A
mnxr95191c3	A
mnxr95207c3c19	a
mnxr95208c2b	a
mnxr95208c2c19	a
mnxr95212c2b	A
mnxr95212c2c19	A
mnxr95212c3c19	A
mnxr95256c3	A
mnxr95269c3	A
mnxr95377c3	A
mnxr95382c3	B
mnxr95388c3	A
mnxr95395c3	A
mnxr95396c3	A
mnxr95397c3	A
mnxr95398c3	A
mnxr95399c3	A
mnxr95400c3	A
mnxr95401c3	A
mnxr95416c2b	A
mnxr95416c2c19	A
mnxr95416c3c19	A
mnxr95429c3c19	A
mnxr95436c3	A
mnxr95440c3	A
mnxr95444c3	A
mnxr95445c2b	A
mnxr95445c2c19	A
mnxr95446c3c19	A
mnxr95450c3	A
mnxr95530c3	A
mnxr95545c3c19	A
mnxr95554c3	A
mnxr95555c3c19	A
mnxr95556c2b	A
mnxr95556c2c19	A
mnxr95558c3	A
mnxr95559c3	A
mnxr95560c3	A
mnxr95561c3	A
mnxr95564c3	A
mnxr95565c3	A
mnxr95567c3	A
mnxr95620c2c3	B
mnxr95645c3	A
mnxr95661c3c19	A
mnxr95663c2b	A
mnxr95663c2c19	A
mnxr95682c2b	a
mnxr95682c2c19	a
mnxr95690c3	A
mnxr95692c3c19	A
mnxr95693c3	A
mnxr95697c3	A
mnxr95698c3	A
mnxr95699c3	A
mnxr95702c2b	A
mnxr95702c2c19	A
mnxr95703c3c19	A
mnxr95706c2b	A
mnxr95706c2c19	A
mnxr95706c3c19	A
mnxr95709c3	A
mnxr95714c3	A
mnxr95725c3	A
mnxr95750c3	A
mnxr95754c3	a
mnxr95755c3	a
mnxr95764c3	A
mnxr95769c3	A
mnxr95770c3c19	A
mnxr95771c2b	A
mnxr95771c2c19	A
mnxr95784c19	b
mnxr95788c3	A
mnxr95790c3	A
mnxr95804c3	a
mnxr95828c3	A
mnxr95830c2b	a
mnxr95830c2c19	a
mnxr95839c2b	A
mnxr95839c2c19	A
mnxr95841c3	A
mnxr95843c3	A
mnxr95851c3	A
mnxr95852c3	A
mnxr95859c3	B
mnxr95869c3	A
mnxr95870c3	A
mnxr95871c3	A
mnxr95872c3	A
mnxr95873c3	A
mnxr95874c3	A
mnxr95875c3	A
mnxr95876c3	A
mnxr95877c3	A
mnxr95878c3	A
mnxr95879c3	A
mnxr95880c3	A
mnxr95881c3	A
mnxr95882c3	A
mnxr95886c3	A
mnxr95897c3	A
mnxr95898c3	A
mnxr95913c2b	a
mnxr95913c2c19	a
mnxr95933c2b	B
mnxr95933c2c19	B
mnxr95935c3c19	A
mnxr95936c3c19	A
mnxr95937c3c19	A
mnxr95938c3c19	A
mnxr95940c19	A
mnxr95940c3	A
mnxr95942c3	A
mnxr95946c3c19	A
mnxr95951c2b	A
mnxr95951c2c19	A
mnxr95952c3c19	A
mnxr95954c3c19	A
mnxr96039c3	A
mnxr96060c3	A
mnxr96069c2b	A
mnxr96069c2c19	A
mnxr96077c3	A
mnxr96085c3	A
mnxr96091c3	A
mnxr96092c3	A
mnxr96093c3	A
mnxr96094c3	A
mnxr96099c3	A
mnxr96103c3c19	A
mnxr96104c3c19	A
mnxr96105c3c19	A
mnxr96106c3c19	A
mnxr96107c2b	A
mnxr96107c2c19	A
mnxr96107c3c19	A
mnxr96117c3	A
mnxr96118c3	A
mnxr96121c3	A
mnxr96145c3	A
mnxr96212c3c19	a
mnxr96230c3	A
mnxr96237c3	a
mnxr96238c3	a
mnxr96315c3	B
mnxr96316c3	B
mnxr96325c3	b
mnxr96326c3	b
mnxr96333c2b	a
mnxr96333c2c19	a
mnxr96334c3c19	a
mnxr96344c3	A
mnxr96352c2b	a
mnxr96352c2c19	a
mnxr96353c3c19	a
mnxr96356c3	B
mnxr96357c3	B
mnxr96436c2b	A
mnxr96436c2c19	A
mnxr96437c3c19	A
mnxr96445c3c19	A
mnxr96455c3	A
mnxr96460c3c19	A
mnxr96467c3c19	B
mnxr96469c3	A
mnxr96480c2b	b
mnxr96481c3	A
mnxr96485c3	A
mnxr96495c3c19	A
mnxr96497c3c19	A
mnxr96499c2b	B
mnxr96499c2c19	B
mnxr96499c3c19	A
mnxr96524c3	A
mnxr96586c3c2	a
mnxr96652c3	B
mnxr96654c3	B
mnxr96655c3	B
mnxr96656c3c19	A
mnxr96658c2b	A
mnxr96658c2c19	A
mnxr96691c3c19	A
mnxr96692c3c19	A
mnxr96693c2b	a
mnxr96693c2c19	a
mnxr96697c3	a
mnxr96709c3	A
mnxr96711c3	A
mnxr96731c3	A
mnxr96747c3c19	A
mnxr96752c3c19	A
mnxr96756c2b	A
mnxr96756c2c19	A
mnxr96760c2b	a
mnxr96760c2c19	B
mnxr96774c19	A
mnxr96775c19	A
mnxr96776c19	A
mnxr96778c19	A
mnxr96779c19	A
mnxr96780c19	A
mnxr96781c19	A
mnxr96782c19	A
mnxr96783c19	A
mnxr96786c19	A
mnxr96787c19	A
mnxr96788c19	A
mnxr96796c3c19	A
mnxr96797c2b	A
mnxr96797c2c19	A
mnxr96797c3c19	A
mnxr96808c2b	B
mnxr96808c2c19	A
mnxr96810c2b	A
mnxr96810c2c19	A
mnxr96810c3c19	A
mnxr96819c3c19	A
mnxr96820c3c19	A
mnxr96821c2b	A
mnxr96821c2c19	A
mnxr96821c3c19	A
mnxr96842c19	B
mnxr96844c3c19	A
mnxr96872c3c19	A
mnxr96880c3	A
mnxr96888c3b	A
mnxr96905c3c19	A
mnxr96906c2b	b
mnxr96906c2c19	b
mnxr96907c3c19	A
mnxr96928c2b	a
mnxr96928c2c19	a
mnxr96929c3c19	a
mnxr96937c3	b
mnxr96938c3c19	A
mnxr96939c3c19	A
mnxr96940c3	A
mnxr96948c19	a
mnxr96949c3c19	b
mnxr96950c3c19	A
mnxr96951c2b	A
mnxr96951c2c19	A
mnxr96951c3c19	A
mnxr96953c2c3	b
mnxr96954c2b	a
mnxr96954c2c19	a
mnxr96954c3c19	b
mnxr96957c2b	a
mnxr96957c2c19	a
mnxr96962c3c19	a
mnxr96963c2b	a
mnxr96963c2c19	a
mnxr96992c3	a
mnxr96994c3	A
mnxr96996c3c19	a
mnxr96997c2b	a
mnxr96997c2c19	a
mnxr97004c2c19	B
mnxr97004c3c19	B
mnxr97007c3	A
mnxr97008c3	B
mnxr97026c3c19	A
mnxr97029c2b	A
mnxr97029c2c19	A
mnxr97029c3c19	A
mnxr97031c3c19	A
mnxr97032c3c19	A
mnxr97036c3c19	A
mnxr97053c3	A
mnxr97076c3	A
mnxr97080c3c19	a
mnxr97081c2b	a
mnxr97081c2c19	a
mnxr97091c3	A
mnxr97092c3	A
mnxr97093c3	A
mnxr97094c3	A
mnxr97097c3	A
mnxr97098c3	A
mnxr97100c3	A
mnxr97135c3c19	A
mnxr97136c2b	a
mnxr97136c2c19	a
mnxr97143c3	A
mnxr97146c3c19	a
mnxr97147c2b	A
mnxr97147c2c19	A
mnxr97173c3	A
mnxr97180c3	A
mnxr97181c2b	a
mnxr97181c2c19	a
mnxr97186c2b	a
mnxr97186c2c19	a
mnxr97203c3	A
mnxr97207c3	A
mnxr97208c2b	a
mnxr97208c2c19	a
mnxr97209c3c19	a
mnxr97211c2b	a
mnxr97211c2c19	a
mnxr97213c3	a
mnxr97218c3	A
mnxr97324c2b	a
mnxr97324c2c19	a
mnxr97325c3c19	a
mnxr97353c3	A
mnxr97357c3	a
mnxr97358c3	A
mnxr97364c3	A
mnxr97367c2b	A
mnxr97367c2c19	A
mnxr97367c3c19	A
mnxr97369c3	A
mnxr97371c3c19	B
mnxr97405c3	B
mnxr97408c3	b
mnxr97418c3	A
mnxr97421c3	A
mnxr97425c3	A
mnxr97428c3	A
mnxr97456c3c19	A
mnxr97463c2b	a
mnxr97463c2c19	a
mnxr97465c3c19	a
mnxr97466c2b	a
mnxr97466c2c19	a
mnxr97489c3	b
mnxr97490c3	b
mnxr97491c3	b
mnxr97512c3	A
mnxr97524c3	A
mnxr97529c3	b
mnxr97530c3c19	a
mnxr97531c3	b
mnxr97532c3c19	a
mnxr97533c2b	a
mnxr97533c2c19	a
mnxr97533c3c19	B
mnxr97534c2b	a
mnxr97534c2c19	a
mnxr97688c3	B
mnxr97758c2b	a
mnxr97758c2c19	a
mnxr97779c3	A
mnxr97791c19c3	b
mnxr97792c19c3	b
mnxr97793c19	b
mnxr97795c19	b
mnxr97797c3	A
mnxr97798c3c19	a
mnxr97799c2b	a
mnxr97799c2c19	a
mnxr97802c3	a
mnxr97804c3	A
mnxr97806c2b	a
mnxr97806c2c19	a
mnxr97809c3	A
mnxr97813c2b	a
mnxr97813c2c19	a
mnxr97816c3	B
mnxr97817c3	A
mnxr97819c2b	a
mnxr97819c2c19	a
mnxr97820c3c19	a
mnxr97822c3	A
mnxr97838c3c19	A
mnxr97840c2b	A
mnxr97840c2c19	A
mnxr97842c3	A
mnxr97845c3	A
mnxr97846c3	A
mnxr97849c3	A
mnxr97850c3	A
mnxr97851c3	A
mnxr97852c3	A
mnxr97853c3	A
mnxr97854c3	A
mnxr97857c3	A
mnxr97858c3	A
mnxr97859c3	A
mnxr97860c3	A
mnxr97861c3	A
mnxr97862c3	A
mnxr97863c3	A
mnxr97864c3	A
mnxr97865c3	A
mnxr97866c3	A
mnxr97867c3	A
mnxr97868c3	A
mnxr97874c19	A
mnxr97898c3	A
mnxr97899c3	A
mnxr97901c3	A
mnxr97903c3	B
mnxr97904c3	B
mnxr97932c3	A
mnxr97968c3	A
mnxr97974c2b	A
mnxr97974c2c19	A
mnxr97975c3c19	A
mnxr97977c3c19	a
mnxr97978c2b	a
mnxr97978c2c19	a
mnxr97980c2b	A
mnxr97980c2c19	A
mnxr97980c3c19	A
mnxr98640c2b	a
mnxr98640c2c19	a
mnxr98641c2b	A
mnxr98641c2c19	A
mnxr98641c3c19	A
mnxr99077c3	A
mnxr99079c3c19	a
mnxr99086c3	A
mnxr99087c3	A
mnxr99089c3	A
mnxr99092c2b	a
mnxr99092c2c19	a
mnxr99093c3	A
mnxr99096c2b	a
mnxr99096c2c19	a
mnxr99097c3	A
mnxr99101c2b	a
mnxr99101c2c19	a
mnxr99102c2b	a
mnxr99102c2c19	a
mnxr99103c3	A
mnxr99109c2b	a
mnxr99109c2c19	a
mnxr99125c3	A
mnxr99126c2b	a
mnxr99126c2c19	a
mnxr99130c3	A
mnxr99149c19c3	A
mnxr99204c3c19	A
mnxr99238c2b	a
mnxr99238c2c19	a
mnxr99238c3c19	a
mnxr99471c3	A
mnxr99478c19c3	A
mnxr99480c19c3	A
mnxr99501c3c19	A
mnxr99504c3c19	A
mnxr99505c2b	A
mnxr99505c2c19	A
mnxr99505c3c19	A
mnxr99506c3c19	A
mnxr99508c3c19	A
mnxr99517c3c19	A
mnxr99522c2b	A
mnxr99522c2c19	A
mnxr99525c3c19	A
mnxr99543c3	A
mnxr99544c3	A
mnxr99545c3	A
mnxr99546c3c19	A
mnxr99547c2	A
mnxr99555c3c19	A
mnxr99561c19	A
mnxr99567c2b	a
mnxr99585c3	A
mnxr99586c3	a
mnxr99587c3	A
mnxr99594c3	b
mnxr99599c3	A
mnxr99616c3	B
mnxr99620c2b	A
mnxr99620c2c19	A
mnxr99620c3c19	A
mnxr99621c3c19	A
mnxr99637c3	A
mnxr99639c3	A
mnxr99641c3	A
mnxr99654c3	a
mnxr99655c3	a
mnxr99656c3c19	a
mnxr99657c2b	a
mnxr99657c2c19	a
mnxr99659c2b	a
mnxr99659c2c19	a
mnxr99705c3	A
mnxr99712c3c19	A
mnxr99850c3	A
mnxr99852c19	a
mnxr99852c3	a
mnxr99854c3	A
mnxr99855c3	A
mnxr99856c3	A
mnxr99859c3	A
mnxr99860c3	A
mnxr99862c3	A
mnxr99873c3c19	a
mnxr99874c2b	a
mnxr99874c2c19	a
mnxr99877c3	A
mnxr99880c3	A
mnxr99881c3	A
mnxr99882c3	A
mnxr99885c3c19	A
mnxr99886c2b	A
mnxr99886c2c19	A
mnxr99887c3c19	a
mnxr99888c2b	a
mnxr99888c2c19	a
mnxr99894c3	A
mnxr99896c3	A
mnxr99953c2b	a
mnxr99953c2c19	a
mnxr99957c3	a
mnxr99958c3c19	a
mnxr99959c2b	a
mnxr99959c2c19	a
mnxr99961c2b	a
mnxr99961c2c19	a
reac022A1A8C	A
reac045C125E	A
reac0617083F	b
reac07A3D47A	a
reac13B77573	A
reac19A6801E	A
reac2364AD29	A
reac252F96AF	B
reac26D18CCE	A
reac2B5D75A8	B
reac36DD2FA8	B
reac37D3E7D9	A
reac3D8E90E6	a
reac41EAD8D0	A
reac4EF45E2B	A
reac55B665CE	A
reac5799DE97	A
reac594C76E1	A
reac79B127B7	A
reac7BE0DBCA	A
reac8C824AA8	A
reac9E3E6C57	A
reacA99F5671	B
reacAB5A1FE9	b
reacC13B9858	A
reacC989ACB6	B
reacCB30D716	A
reacD34D5326	B
reacD7D568CC	A
reacE3871F4F	A
reacE92B8D98	A
reacF00CE651	b
reacF6748CE0	A
reacF9D451DC	A
reacFABBCDFD	A
